english,japanese,context
Algorithm,アルゴリズム,計算や問題を解決するための手順や計算方法。
API,エーピーアイ,ソフトウェアやプログラム同士が機能を共有するための仕組み。
Array,配列,同じ型のデータを連続して並べたデータ構造。
Back-end,バックエンド,サーバーサイドなど、ユーザーの目に見えない部分の処理。
Bandwidth,帯域幅,データ通信において、一定時間内に送受信できるデータ量。
Binary,バイナリ,0と1の2進数で表現されたデータ形式。
Blockchain,ブロックチェーン,データを分散して記録する、改ざんが困難な技術。
Boolean,真偽値,True（真）かFalse（偽）のいずれかの値をとるデータ型。
Browser,ブラウザ,ウェブサイトを閲覧するためのソフトウェア（Chrome, Safariなど）。
Bug,バグ,プログラムに含まれる誤りや欠陥。
Cache,キャッシュ,データを一時的に保存して、次回以降のアクセスを高速化する仕組み。
Cloud Computing,クラウドコンピューティング,インターネット経由でサーバーやストレージを利用する形態。
Compiler,コンパイラ,プログラミング言語で書かれたコードを機械語に変換するプログラム。
Cryptography,暗号学,情報を第三者に解読されないように保護する技術。
Database,データベース,大量のデータを効率的に管理し、検索や抽出ができるように整理された基地。
Debugging,デバッグ,プログラム中のバグを見つけ出し、修正する作業。
Deployment,デプロイ,開発したシステムやアプリケーションを実際の運用環境に配置すること。
DNS,ディーエヌエス,ドメイン名とIPアドレスを紐付ける仕組み。
Documentation,ドキュメント,ソフトウェアの仕様や使い方を記した文書。
Encryption,暗号化,データを特定のルールで変換し、正当な権限がないと読めないようにすること。
Ethernet,イーサネット,コンピュータネットワークの主要な通信規格。
Framework,フレームワーク,アプリケーション開発の土台となる再利用可能なソフトウェア構造。
Front-end,フロントエンド,Webサイトなどでユーザーが直接操作する画面部分。
Full-stack,フルスタック,フロントエンドからバックエンドまで、幅広い技術を扱えること。
Git,ギット,プログラムの変更履歴を管理する分散型バージョン管理システム。
GUI,ジーユーアイ,アイコンやマウス操作など、視覚的に操作できるユーザーインターフェース。
Hardware,ハードウェア,コンピュータ本体や周辺機器など、物理的な装置の総称。
IDE,アイディーイー,コード作成、テスト、デバッグなどを一括して行える統合開発環境。
Index,インデックス,データベースなどでデータの検索速度を向上させるための索引。
Inheritance,継承,オブジェクト指向で、既存のクラスの性質を引き継ぐこと。
Instance,インスタンス,クラスを元にメモリ上に実体化されたオブジェクト。
IP Address,アイピーアドレス,ネットワーク上の機器を識別するための番号。
Iteration,イテレーション,一連の工程を繰り返すこと、または反復。
JavaScript,ジャバスクリプト,Webページに動きをつけるために広く使われるプログラミング言語。
JSON,ジェイソン,データ交換に広く使われる、軽量なテキストベースのデータ形式。
Kernel,カーネル,OSの中核となる、ハードウェアとソフトウェアを仲介する部分。
Latency,レイテンシ,データの転送要求から実際に届き始めるまでの遅延時間。
Library,ライブラリ,頻繁に使う機能を再利用可能な形でまとめたファイル群。
Linux,リナックス,サーバーや開発環境で広く使われているオープンソースのOS。
Loop,ループ,特定の条件を満たすまで、同じ処理を繰り返すこと。
Machine Learning,機械学習,データから学習し、予測や判断を行うAIの一分野。
Metadata,メタデータ,データそのものではなく、そのデータに関する付随的な情報。
Method,メソッド,オブジェクト指向において、クラスに定義された処理や操作。
Middleware,ミドルウェア,OSとアプリケーションの中間で特定の機能を補完するソフトウェア。
Migration,移行,システムやデータを新しい環境へ移し替えること。
Module,モジュール,プログラムを構成する、特定の機能を持った部品単位。
Multi-threading,マルチスレッド,1つのプログラム内で複数の処理を並行して実行すること。
Network,ネットワーク,複数のコンピュータを接続し、情報をやり取りできる状態。
Node,ノード,ネットワーク上の個々の接続点や、データ構造の要素。
Object,オブジェクト,データとそれに対する操作をひとまとめにしたもの。
Open Source,オープンソース,ソースコードが公開され、誰でも自由に改良や配布ができること。
Operating System,オペレーティングシステム,コンピュータの基本動作を制御するソフトウェア（Windows, macOSなど）。
Packet,パケット,通信において細かく分割されたデータの単位。
Parameter,パラメータ,関数やメソッドに渡す設定値や引数。
Parsing,パース,プログラムのソースコードやデータを解析し、構造化すること。
Patch,パッチ,プログラムの不具合修正や機能向上のために提供される更新データ。
Permissions,権限,ファイルやシステムに対して、読み書きや実行を許可する範囲。
Plugin,プラグイン,ソフトウェアに特定の機能を追加するための拡張プログラム。
Pointer,ポインタ,メモリ上のアドレス（場所）を保持する変数。
Protocol,プロトコル,通信を行うための手順やルールの約束事。
Proxy,プロキシ,ネットワークでインターネットへの接続を中継するサーバー。
Query,クエリ,データベースに対して情報の抽出や操作を要求する命令。
RAM,ラム,コンピュータが一時的にデータを記憶するためのメモリ。
Recursion,再帰,関数の中で自分自身を呼び出すこと。
Refactoring,リファクタリング,外部の動作を変えずに、プログラムの内部構造を整理すること。
Regular Expression,正規表現,文字列のパターンを表現する形式。
Repository,リポジトリ,ファイルやデータの変更履歴を保存する場所。
Responsive Design,レスポンシブデザイン,画面サイズに応じてレイアウトが自動で調整されるWebデザイン。
Router,ルーター,異なるネットワークを接続し、データを適切な経路へ転送する装置。
Runtime,ランタイム,プログラムを実行している最中の時間、または実行環境。
Scalability,拡張性,システムの規模を柔軟に拡大できる能力。
Schema,スキーマ,データベースの構造やデータの形式を定義したもの。
Script,スクリプト,簡易的なプログラミング言語で書かれた短いプログラム。
Server,サーバー,ネットワーク経由でサービスやデータを提供するコンピュータ。
Software,ソフトウェア,コンピュータを動作させるためのプログラムやデータ。
Source Code,ソースコード,人間が読める形式で書かれたプログラミング言語のテキスト。
SQL,エスキューエル,データベースの操作（検索、更新、削除など）を行うための言語。
SSL/TLS,エスエスエル,インターネット上の通信を暗号化して保護するプロトコル。
Stack,スタック,後入れ先出し（LIFO）形式のデータ構造。
Storage,ストレージ,データを長期的に保存するための装置（HDD, SSDなど）。
String,文字列,テキストデータを扱うためのデータ型。
Syntax,構文,プログラミング言語において守らなければならない文法ルール。
Terminal,ターミナル,コマンドラインでコンピュータを操作するためのソフトウェア。
Token,トークン,認証やデータ解析で使われる、意味のある最小単位や引換券的な情報。
Traffic,トラフィック,ネットワーク上を流れるデータの量。
Transaction,トランザクション,データベースでの一連の処理を1つの単位として扱うこと。
URL,ユーアールエル,インターネット上のリソース（ページやファイル）の場所を示す住所。
User Interface (UI),ユーザーインターフェース,ユーザーとコンピュータが情報をやり取りする接触面。
Validation,バリデーション,入力されたデータが正しい形式かどうかを検証すること。
Variable,変数,データを一時的に入れておくための「箱」のようなもの。
Version Control,バージョン管理,ファイルの変更履歴を記録し、過去の状態に戻したりできるようにすること。
Virtual Machine,仮想マシン,物理的なコンピュータ上で仮想的に動作するコンピュータ。
VPN,ブイピーエヌ,公衆回線を利用して構築される仮想的な専用ネットワーク。
Web Server,ウェブサーバー,ウェブブラウザのリクエストに応じてページの内容を送信するサーバー。
Widget,ウィジェット,画面上に配置される小さなアプリケーションや操作部品。
Wi-Fi,ワイファイ,無線でローカルネットワークに接続するための通信規格。
Workflow,ワークフロー,一連の作業工程や処理の流れ。
XML,エックスエムエル,タグを使ってデータの構造を記述する、拡張可能なマークアップ言語。
Zip,ジップ,複数のファイルを1つにまとめ、容量を小さく圧縮する形式。
